City_ID,City,Lat,Lng,Max Temp,Humidity,Cloudiness,Wind Speed,Country,Date
0,tiksi,71.6872,128.8694,250.1,100,100,3.01,RU,1702353204
1,nuuk,64.1835,-51.7216,274.49,93,100,20.06,GL,1702353205
2,hamilton,39.1834,-84.5333,273.7,83,0,3.09,US,1702352493
3,waitangi,-43.9535,-176.5597,288.05,93,100,3.13,NZ,1702353206
4,ankang,32.68,109.0172,283.24,68,98,1.21,CN,1702353206
5,polyarnyy,69.1989,33.4478,257.34,97,23,4.75,RU,1702353207
6,port-aux-francais,-49.35,70.2167,279.2,96,100,7.63,TF,1702353207
7,flying fish cove,-10.4217,105.6791,300.97,69,40,4.12,CX,1702353208
8,adamstown,-25.066,-130.1015,294.92,63,66,1.59,PN,1702353208
9,blackmans bay,-43.0167,147.3167,296.77,46,100,0.89,AU,1702353209
10,kodiak,57.79,-152.4072,269.88,63,0,2.57,US,1702353209
11,lorengau,-2.0226,147.2712,302.82,76,96,6.65,PG,1702353210
12,bredasdorp,-34.5322,20.0403,289.34,61,100,4.87,ZA,1702353210
13,plymouth,41.8334,-70.8328,277.1,70,0,6.17,US,1702353211
14,suva,-18.1416,178.4415,300.86,74,20,5.66,FJ,1702353211
15,aykhal,66.0,111.5,246.45,99,100,2.25,RU,1702353212
16,edinburgh of the seven seas,-37.0676,-12.3116,287.45,93,100,8.8,SH,1702353212
17,kaele,10.1092,14.4508,291.66,32,52,4.98,CM,1702353213
18,puerto natales,-51.7236,-72.4875,278.73,92,88,2.66,CL,1702353213
19,plettenberg bay,-34.0527,23.3716,289.62,72,20,4.18,ZA,1702353214
20,ribeira grande,38.5167,-28.7,286.91,78,2,2.68,PT,1702353214
21,saipan,15.1355,145.701,303.54,74,20,6.17,MP,1702353215
22,port alfred,-33.5906,26.891,290.47,92,7,2.68,ZA,1702353215
23,kapa'a,22.0752,-159.319,300.14,86,40,3.6,US,1702353191
24,grytviken,-54.2811,-36.5092,274.56,76,7,1.76,GS,1702353216
25,de queen,34.0379,-94.3413,280.94,87,0,0.0,US,1702353216
26,olonkinbyen,70.9221,-8.7187,273.01,99,100,1.2,SJ,1702353217
27,ushuaia,-54.8,-68.3,282.96,57,20,2.06,AR,1702353079
28,changsha,28.2,112.9667,279.24,58,51,3.15,CN,1702353218
29,san patricio,28.017,-97.5169,291.06,60,99,2.83,US,1702353218
30,happy valley-goose bay,53.3168,-60.3315,271.32,86,100,4.63,CA,1702353219
31,camabatela,-8.1881,15.375,290.65,99,100,0.29,AO,1702353220
32,ovalle,-30.5983,-71.2003,292.49,63,0,1.05,CL,1702353220
33,albany,42.6001,-73.9662,273.76,78,56,3.52,US,1702353221
34,sinabang,2.4803,96.3801,298.18,92,100,1.41,ID,1702353221
35,kupang,-10.1667,123.5833,303.47,84,75,4.12,ID,1702353171
36,galliano,29.4422,-90.2992,280.93,93,0,0.0,US,1702353222
37,alice springs,-23.7,133.8833,301.9,23,1,4.12,AU,1702353222
38,papatowai,-46.5619,169.4708,283.86,60,78,9.23,NZ,1702353223
39,port mathurin,-19.6833,63.4167,299.24,76,15,5.42,MU,1702353223
40,ust'-uda,54.1742,103.0304,243.75,91,14,0.48,RU,1702353224
41,geraldton,-28.7667,114.6,310.38,11,0,5.14,AU,1702353224
42,san andres,12.5847,-81.7006,301.16,83,20,6.69,CO,1702353224
43,bethel,41.3712,-73.414,275.62,60,75,4.63,US,1702353225
44,san luis de la loma,17.2706,-100.8939,298.55,67,42,2.04,MX,1702353225
45,qaqortoq,60.7167,-46.0333,273.2,96,100,3.49,GL,1702353225
46,ostashkov,57.1467,33.1075,268.96,95,100,4.31,RU,1702353226
47,lucapa,-8.4192,20.7447,291.74,99,100,1.16,AO,1702353226
48,iqaluit,63.7506,-68.5145,258.0,72,75,4.12,CA,1702353227
49,stanley,54.868,-1.6985,278.58,96,40,1.54,GB,1702353227
50,tartu,58.3806,26.7251,270.29,93,100,3.6,EE,1702353178
51,wailua homesteads,22.0669,-159.378,299.39,86,40,3.6,US,1702353228
52,dazuocun,24.8862,118.9643,291.5,87,98,12.08,CN,1702353228
53,afaahiti,-17.75,-149.2833,301.08,79,93,10.62,PF,1702353229
54,murmashi,68.8154,32.8115,260.38,85,75,0.0,RU,1702353229
55,invercargill,-46.4,168.35,284.18,62,89,8.45,NZ,1702353044
56,chernyshevskiy,63.0128,112.4714,243.13,98,100,1.15,RU,1702353230
57,isafjordur,66.0755,-23.124,268.06,80,34,3.22,IS,1702353230
58,antonio enes,-16.2325,39.9086,299.85,76,30,3.18,MZ,1702353231
59,agadez,19.75,10.25,284.87,54,0,4.6,NE,1702353231
60,papao,-17.75,-149.55,301.97,80,83,11.56,PF,1702353231
61,faya-largeau,17.9257,19.1043,289.88,47,0,10.58,TD,1702353232
62,capinota,-17.7167,-66.2333,294.82,60,68,0.95,BO,1702353232
63,port elizabeth,-33.918,25.5701,290.55,88,20,6.17,ZA,1702353233
64,kone,-21.0595,164.8658,303.41,47,16,3.65,NC,1702353233
65,margaret river,-33.95,115.0667,297.02,56,0,4.8,AU,1702353234
66,cole harbour,44.6724,-63.4751,280.86,90,100,5.36,CA,1702353234
67,hermanus,-34.4187,19.2345,289.7,66,100,4.5,ZA,1702353234
68,longyearbyen,78.2186,15.6401,265.06,67,75,7.72,SJ,1702353235
69,bilibino,68.0546,166.4372,252.76,95,100,1.4,RU,1702353235
70,broken hill,-31.95,141.4333,308.04,20,5,6.0,AU,1702353235
71,lewistown,40.5992,-77.5714,274.82,60,75,4.12,US,1702353236
72,bel ombre,-4.6167,55.4167,299.06,89,40,1.54,SC,1702353236
73,beau vallon,-20.4189,57.6953,299.94,78,75,3.6,MU,1702353237
74,anadyr,64.75,177.4833,247.59,75,0,4.0,RU,1702353237
75,taroa,8.7058,171.2275,300.81,72,55,8.91,MH,1702353238
76,severo-yeniseyskiy,60.3725,93.0408,232.91,100,57,0.45,RU,1702353238
77,touros,-5.1989,-35.4608,299.23,76,19,5.7,BR,1702353239
78,mglin,53.0591,32.8475,273.42,98,100,5.21,RU,1702353239
79,afif,23.9065,42.9172,286.76,27,70,4.87,SA,1702353239
80,chonchi,-42.6128,-73.8092,283.71,95,97,1.1,CL,1702353240
81,sao vicente,-23.9631,-46.3919,296.25,26,73,0.36,BR,1702353240
82,klyuchi,52.2667,79.1667,248.81,84,31,6.42,RU,1702353240
83,cockburn town,21.4612,-71.1419,299.81,82,77,9.75,TC,1702353241
84,crane,31.3974,-102.3501,283.0,36,38,4.97,US,1702353040
85,rongelap,11.1635,166.8941,300.35,79,13,9.35,MH,1702353242
86,banganapalle,15.3167,78.2333,297.95,62,36,3.0,IN,1702353242
87,west island,-12.1568,96.8225,302.14,65,40,4.63,CC,1702353243
88,chyorny yar,48.0624,46.1091,266.73,64,100,10.67,RU,1702353243
89,iskateley,67.6803,53.1512,258.76,92,100,7.04,RU,1702353244
90,ta`u,-14.2336,-169.5144,299.65,88,98,7.63,AS,1702353244
91,yellowknife,62.456,-114.3525,247.9,92,0,3.09,CA,1702353244
92,avarua,-21.2078,-159.775,299.18,83,75,9.26,CK,1702353245
93,udachny,66.4167,112.4,247.89,97,99,3.41,RU,1702353245
94,mount gambier,-37.8333,140.7667,305.6,36,74,1.54,AU,1702353246
95,port saint john's,-31.6229,29.5448,293.76,86,54,2.28,ZA,1702353246
96,niimi,34.9833,133.4667,289.37,93,100,2.81,JP,1702353247
97,filingue,14.3521,3.3168,291.6,31,3,6.83,NE,1702353247
98,huarmey,-10.0681,-78.1522,293.59,84,14,3.29,PE,1702353248
99,punta arenas,-53.15,-70.9167,281.21,76,75,8.75,CL,1702353248
100,pamanukan,-6.2842,107.8106,304.83,57,24,1.66,ID,1702353249
101,nema,57.5067,50.5011,253.69,80,100,6.29,RU,1702353250
102,ust-nera,64.5667,143.2,252.6,98,100,3.68,RU,1702353250
103,praia da vitoria,38.7333,-27.0667,286.29,82,20,5.92,PT,1702353035
104,talnakh,69.4865,88.3972,247.28,98,100,4.57,RU,1702353251
105,nizhneangarsk,55.7833,109.55,252.75,78,53,2.62,RU,1702353251
106,maryborough,-25.5333,152.7,302.51,42,13,5.15,AU,1702353252
107,utrik,11.2278,169.8474,300.21,75,59,9.28,MH,1702353252
108,tobruk,32.0836,23.9764,290.17,74,9,6.07,LY,1702353253
109,carnarvon,-24.8667,113.6333,303.61,36,0,4.54,AU,1702353253
110,whitehorse,60.7161,-135.0538,276.58,60,75,10.8,CA,1702353001
111,porto novo,6.4965,2.6036,300.05,90,0,2.27,BJ,1702353254
112,namdrik,5.5994,168.1028,300.01,86,100,7.06,MH,1702353254
113,freetown,8.484,-13.2299,297.99,83,40,3.09,SL,1702353255
114,atafu village,-8.5421,-172.5159,301.97,79,100,8.89,TK,1702353255
115,ilulissat,69.2167,-51.1,275.16,69,100,6.69,GL,1702353256
116,idri,27.5,13.2667,284.32,43,0,3.53,LY,1702353256
117,adam,22.3756,57.5233,292.08,60,7,1.59,OM,1702353257
118,tsiombe,-25.3,45.4833,300.16,68,100,1.43,MG,1702353257
119,tuy hoa,13.0833,109.3,299.46,76,99,2.85,VN,1702353258
120,thompson,55.7435,-97.8558,258.24,72,40,6.69,CA,1702353258
121,puerto ayora,-0.7393,-90.3518,297.2,88,8,2.54,EC,1702353259
122,uruacu,-14.5247,-49.1408,293.66,86,75,1.02,BR,1702353259
123,aras-asan,8.8908,126.3033,302.01,72,51,3.13,PH,1702353260
124,okhotsk,59.3833,143.3,262.71,93,100,0.34,RU,1702353260
125,gadzhiyevo,69.2551,33.3362,256.42,98,32,4.69,RU,1702353261
126,hithadhoo,-0.6,73.0833,301.0,74,58,2.33,MV,1702353262
127,sur,22.5667,59.5289,296.99,53,3,1.05,OM,1702353262
128,taltal,-25.4,-70.4833,290.9,77,67,1.0,CL,1702353021
129,la'ie,21.6477,-157.9253,301.13,78,18,0.89,US,1702352982
130,timaru,-44.4,171.25,285.5,68,89,5.67,NZ,1702353264
131,winkler,49.1817,-97.941,269.13,68,21,7.72,CA,1702353264
132,troyan,42.8943,24.7159,276.46,75,100,0.55,BG,1702353265
133,ocean shores,46.9737,-124.1563,281.64,92,100,3.6,US,1702353265
134,carambei,-24.9178,-50.0972,286.14,97,25,2.9,BR,1702353265
135,thabazimbi,-24.5917,27.4116,292.26,88,5,0.84,ZA,1702353266
136,goure,13.9835,10.2704,286.91,40,0,4.07,NE,1702353266
137,dedovichi,57.5517,29.9502,271.11,96,100,4.51,RU,1702353267
138,gamba,-2.65,10.0,298.47,88,100,1.19,GA,1702353267
139,porto torres,40.835,8.3972,287.25,94,63,5.12,IT,1702353268
140,almodovar del campo,38.7094,-4.1791,282.3,64,100,1.86,ES,1702353268
141,shimanovsk,52.0,127.7,250.87,64,5,3.81,RU,1702353269
142,soanierana ivongo,-16.9167,49.5833,299.16,81,30,1.98,MG,1702353269
143,mweka,-4.85,21.5667,292.91,100,100,0.41,CD,1702353269
144,lebu,-37.6167,-73.65,285.08,95,97,5.09,CL,1702353270
145,angaur state,6.906,134.13,301.75,76,62,5.34,PW,1702353270
146,tazovsky,67.4667,78.7,247.95,92,100,4.06,RU,1702353271
147,machico,32.7,-16.7667,293.55,70,40,2.57,PT,1702353271
148,sydney mines,46.2367,-60.2177,286.86,93,100,11.83,CA,1702353272
149,fale old settlement,-9.3852,-171.2468,302.22,79,100,8.38,TK,1702353272
150,santa ana,33.7456,-117.8678,290.75,68,0,0.0,US,1702352742
151,portland,45.5234,-122.6762,282.38,91,20,3.13,US,1702353200
152,coquimbo,-29.9533,-71.3436,288.0,88,0,2.06,CL,1702353274
153,vernon,50.2581,-119.2691,275.24,91,63,0.0,CA,1702353001
154,munderkingen,48.2357,9.644,281.62,96,75,1.54,DE,1702353275
155,midvagur,62.0511,-7.1939,278.61,93,75,3.09,FO,1702353275
156,korsakov,46.6328,142.7813,267.06,64,100,1.28,RU,1702353276
157,ust'-ilimsk,58.0006,102.6619,241.73,96,99,0.22,RU,1702353008
158,namibe,-15.1961,12.1522,294.52,76,22,2.15,AO,1702353277
159,eureka,40.8021,-124.1637,284.96,94,34,2.84,US,1702353277
160,patterson,37.4716,-121.1297,283.59,70,18,1.92,US,1702353278
161,vorgashor,67.5833,63.95,256.28,94,100,6.9,RU,1702353278
162,general acha,-37.377,-64.6043,294.58,62,53,3.3,AR,1702353279
163,minas,-34.3759,-55.2377,289.3,95,52,5.48,UY,1702353206
164,ola,59.5833,151.2833,266.85,93,100,6.41,RU,1702353280
165,san antonio de pale,-1.4014,5.6325,299.64,83,98,2.49,GQ,1702353280
166,jamestown,42.097,-79.2353,274.92,86,100,4.12,US,1702353280
167,ancud,-41.8697,-73.8203,282.69,86,90,3.72,CL,1702353281
168,saldanha,-33.0117,17.9442,289.18,76,62,9.64,ZA,1702353281
169,sitka,57.0531,-135.33,281.09,71,100,8.23,US,1702353281
170,argo,37.6333,22.7333,286.36,81,22,1.89,GR,1702353282
171,kindia,10.0569,-12.8658,292.13,49,12,0.8,GN,1702353282
172,hotan,37.0997,79.9269,279.28,20,100,1.71,CN,1702353283
173,turkmenbasy,40.0222,52.9552,269.58,54,75,8.75,TM,1702353283
174,lihue,21.9789,-159.3672,299.73,82,40,3.6,US,1702353284
175,mugia,43.1041,-9.2179,288.8,91,100,7.7,ES,1702353284
176,mendota,36.7536,-120.3816,280.3,48,2,2.43,US,1702353285
177,susuman,62.7833,148.1667,251.47,96,100,2.24,RU,1702353285
178,wulingyuan,29.3494,110.5441,281.28,75,71,0.96,CN,1702353285
179,cabo san lucas,22.8909,-109.9124,296.35,75,65,1.8,MX,1702353169
180,albertina,-22.2008,-46.6158,289.97,94,0,1.88,BR,1702353286
181,mount pearl,47.5166,-52.7813,285.34,91,100,11.32,CA,1702353287
182,tolanaro,-25.0319,46.9987,299.19,83,20,4.12,MG,1702353287
183,puerto leguizamo,-0.1934,-74.7819,296.6,94,94,0.58,CO,1702353287
184,lagoa,39.05,-27.9833,288.47,63,13,6.9,PT,1702353288
185,yoichi,43.2039,140.7703,273.38,92,100,3.75,JP,1702353288
186,kasongo-lunda,-6.4667,16.8167,294.42,99,100,0.45,CD,1702353289
187,ippy,6.2679,21.2247,294.26,30,91,2.12,CF,1702353289
188,georgetown,5.4112,100.3354,305.34,77,20,1.03,MY,1702353289
189,totness,5.8833,-56.3167,298.26,92,87,3.78,SR,1702353290
190,perros-guirec,48.8145,-3.4396,285.65,96,49,0.89,FR,1702353290
191,kailua-kona,19.6406,-155.9956,300.13,90,75,3.09,US,1702353290
192,santa cruz,-17.8,-63.1667,299.85,74,80,3.09,BO,1702353291
193,minas de marcona,-15.2119,-75.1103,288.99,85,63,4.78,PE,1702353291
194,nkoteng,4.5167,12.0333,291.86,75,72,0.86,CM,1702353292
195,lethem,3.3803,-59.7968,300.11,66,97,3.91,GY,1702353292
196,revda,56.801,59.9303,241.58,96,18,1.37,RU,1702353292
197,smithers,54.7804,-127.1743,269.33,93,100,1.54,CA,1702353293
198,satka,55.0425,59.04,242.82,91,6,1.75,RU,1702353293
199,selfoss,63.9331,-20.9971,266.51,91,22,2.35,IS,1702353293
200,jequitinhonha,-16.4339,-41.0033,293.14,94,76,1.67,BR,1702353294
201,remire-montjoly,4.9167,-52.2667,298.17,94,20,0.0,GF,1702353294
202,richards bay,-28.783,32.0377,293.31,91,52,2.29,ZA,1702353294
203,st. john's,47.5649,-52.7093,285.81,90,100,11.32,CA,1702353180
204,enewetak,11.3474,162.3373,301.0,76,8,8.33,MH,1702353295
205,ilhabela,-23.7781,-45.3581,294.64,87,77,1.59,BR,1702353295
206,sao joao da barra,-21.6403,-41.0511,295.9,95,99,1.19,BR,1702353296
207,alavus,62.5833,23.6167,264.1,95,100,2.43,FI,1702353296
208,nagqu,31.5,92.0,260.4,72,100,2.49,CN,1702353296
209,hinton,53.4001,-117.5857,269.66,77,85,3.28,CA,1702353297
210,nizhnesortymskiy,62.4397,71.7603,245.45,86,100,5.57,RU,1702353293
211,nguigmi,14.2495,13.1092,290.21,36,0,5.89,NE,1702353298
212,ambon,-3.6954,128.1814,306.23,62,40,5.14,ID,1702353298
213,petropavlovsk-kamchatsky,53.0452,158.6483,267.48,87,20,7.6,RU,1702353298
214,jackson,42.4165,-122.8345,283.08,91,100,0.0,US,1702353039
215,el nido,11.1858,119.3956,302.49,71,89,6.57,PH,1702353299
216,puerto baquerizo moreno,-0.9,-89.6,297.18,87,44,3.8,EC,1702353299
217,keflavik,64.0049,-22.5624,271.39,80,20,1.03,IS,1702353300
218,ebon,4.582,168.6964,300.33,85,98,8.13,MH,1702353300
219,grand falls-windsor,48.9332,-55.6649,287.87,82,100,7.15,CA,1702353161
220,chinde,26.8418,88.0763,288.86,48,21,1.87,NP,1702353301
221,boa vista,2.8197,-60.6733,301.14,69,0,4.12,BR,1702353173
222,college,64.8569,-147.8028,266.33,79,100,3.09,US,1702353302
223,benin city,6.335,5.6275,296.66,90,23,1.3,NG,1702353303
224,mungwi,-10.1732,31.3694,290.63,96,96,1.46,ZM,1702353304
225,hawaiian paradise park,19.5933,-154.9731,296.5,94,100,0.0,US,1702353304
226,najran,17.4924,44.1277,281.51,34,67,0.41,SA,1702353305
227,kurchatov,51.6601,35.6521,272.27,99,100,4.86,RU,1702353306
228,port lincoln,-34.7333,135.8667,294.24,52,62,4.95,AU,1702353307
229,canacona,14.9959,74.0506,301.89,43,41,2.42,IN,1702353307
230,el tigre,8.8875,-64.2454,297.18,85,12,4.89,VE,1702353308
231,vuktyl,63.8567,57.3094,253.21,93,100,6.71,RU,1702353309
232,nadi,-17.8,177.4167,304.15,45,40,8.75,FJ,1702353309
233,es castell,39.8795,4.2854,288.53,100,75,3.6,ES,1702353310
234,les cayes,18.2,-73.75,298.15,86,71,1.89,HT,1702353310
235,ormond-by-the-sea,29.3491,-81.0665,285.16,74,0,3.6,US,1702353310
236,mildura,-34.2,142.15,312.08,25,36,6.96,AU,1702353311
237,tofol,5.3248,163.0078,304.03,70,75,6.17,FM,1702353312
238,gamay,12.3854,125.2979,300.89,84,55,2.6,PH,1702353312
239,alofi,-19.0595,-169.9187,301.09,74,75,4.12,NU,1702353312
240,songea,-10.6833,35.65,293.79,94,75,0.0,TZ,1702353313
241,harstad,68.799,16.5293,271.01,91,58,2.26,NO,1702353313
242,lindi,-10.0,39.7167,298.31,92,100,1.13,TZ,1702353314
243,eyl,7.9803,49.8164,297.8,70,59,6.52,SO,1702353314
244,katsuren-haebaru,26.3369,127.8719,295.58,88,75,5.14,JP,1702353315
245,timbuktu,16.7735,-3.0074,291.79,25,0,5.52,ML,1702353315
246,corfu,39.62,19.9197,284.16,93,40,0.0,GR,1702353316
247,tionk essil,12.7856,-16.5217,296.13,77,9,2.19,SN,1702353317
248,sinjai,-5.1241,120.253,305.11,61,98,2.61,ID,1702353317
249,guerrero negro,27.9769,-114.0611,291.31,59,100,4.11,MX,1702353318
250,butha-buthe,-28.8333,28.5,280.02,72,0,0.88,LS,1702353318
251,fortuna,40.5982,-124.1573,284.81,96,20,0.0,US,1702353295
252,aldinga beach,-35.2793,138.4604,299.37,73,89,4.58,AU,1702353320
253,mariental,-24.6333,17.9667,292.78,18,1,3.54,NA,1702353320
254,vilyuchinsk,52.9306,158.4028,268.3,79,40,2.28,RU,1702353320
255,puerto deseado,-47.7503,-65.8938,283.48,85,58,6.01,AR,1702353321
256,mersa matruh,31.3525,27.2453,285.26,82,20,2.06,EG,1702353321
257,uturoa,-16.7333,-151.4333,299.91,79,100,9.83,PF,1702353322
258,tabas,33.5959,56.9244,280.27,42,100,1.03,IR,1702353322
259,codrington,-38.2667,141.9667,309.64,25,93,4.74,AU,1702353323
260,tocopilla,-22.092,-70.1979,293.05,72,17,2.43,CL,1702353324
261,roma,43.2128,-75.4557,274.16,73,100,2.57,US,1702353173
262,glace bay,46.1969,-59.957,286.4,95,100,11.83,CA,1702353325
263,manukan,8.5333,123.1,301.83,74,54,6.89,PH,1702353325
264,tura,25.5198,90.2201,294.97,63,3,0.77,IN,1702353326
265,imbituba,-28.24,-48.6703,293.56,81,86,2.13,BR,1702353326
266,vorkuta,67.5,64.0,256.65,94,100,7.07,RU,1702353327
267,as sulayyil,20.4607,45.5779,284.29,32,85,1.55,SA,1702353327
268,behbahan,30.5959,50.2417,290.74,36,100,1.32,IR,1702353328
269,howrah,22.5892,88.3103,293.15,73,0,2.06,IN,1702353328
270,maragogi,-9.0122,-35.2225,298.15,75,2,3.57,BR,1702353329
271,puerto aysen,-45.4,-72.7,280.5,98,91,2.02,CL,1702353330
272,egilsstadir,65.2653,-14.3948,271.1,80,100,2.57,IS,1702353330
273,swakopmund,-22.6833,14.5333,289.81,85,30,0.45,NA,1702353330
274,arraial do cabo,-22.9661,-42.0278,295.81,90,34,3.93,BR,1702353331
275,cold lake,54.4502,-110.2017,262.12,79,100,2.57,CA,1702353331
276,hami,42.8,93.45,273.03,47,100,1.78,CN,1702353332
277,chos malal,-37.3781,-70.2709,290.52,37,87,2.34,AR,1702353332
278,notodden,59.5594,9.2585,263.89,96,79,1.96,NO,1702353333
279,almonte,37.2647,-6.5167,285.68,76,98,0.66,ES,1702353334
280,la ronge,55.1001,-105.2842,260.29,66,0,4.63,CA,1702353334
281,colac,-38.3333,143.5833,300.42,44,58,4.72,AU,1702353335
282,dunedin,-45.8742,170.5036,285.26,65,96,8.94,NZ,1702353177
283,wuwei,37.9281,102.6414,282.54,14,37,2.12,CN,1702353336
284,whakatane,-37.9585,176.9854,296.77,59,15,3.58,NZ,1702353337
285,marica,-22.9194,-42.8186,297.12,92,89,1.04,BR,1702353338
286,arkhangel'sk,64.5401,40.5433,259.21,85,100,3.0,RU,1702353339
287,kulhudhuffushi,6.6221,73.07,298.67,91,99,5.65,MV,1702353339
288,grand gaube,-20.0064,57.6608,300.58,77,58,0.89,MU,1702353339
289,anderson,34.5334,-82.6499,277.84,84,0,2.06,US,1702353340
290,saba,15.4667,-86.25,293.3,100,94,0.26,HN,1702353340
291,northam,51.0333,-4.2167,284.05,96,42,6.23,GB,1702353341
292,prince rupert,54.3161,-130.3201,276.98,81,0,10.8,CA,1702353341
293,oum hadjer,13.2954,19.6966,290.52,28,99,5.82,TD,1702353342
294,baikonur,45.6167,63.3167,254.36,50,0,7.92,KZ,1702353342
295,shwebo,22.5667,95.7,297.06,67,78,1.54,MM,1702353342
296,kuressaare,58.2481,22.5039,269.12,99,20,3.6,EE,1702353343
297,rundu,-17.9333,19.7667,294.5,63,98,2.11,NA,1702353344
298,lillehammer,61.1146,10.4674,263.52,98,99,1.29,NO,1702353345
299,sergeyevka,53.88,67.4158,241.54,96,6,2.1,KZ,1702353345
300,kamaishi,39.2667,141.8833,280.35,87,100,4.91,JP,1702353345
301,el granada,37.5027,-122.4694,287.23,91,100,6.69,US,1702353346
302,rio grande,-32.035,-52.0986,294.23,84,13,7.0,BR,1702353346
303,qamdo,31.1667,97.2333,269.81,33,0,3.54,CN,1702353347
304,kununurra,-15.7667,128.7333,309.14,38,58,3.6,AU,1702353347
305,trairi,-3.2778,-39.2689,299.1,78,6,4.29,BR,1702353233
306,nabire,-3.3667,135.4833,304.22,64,38,2.56,ID,1702353348
307,coari,-4.085,-63.1414,296.71,99,100,1.43,BR,1702353348
308,brookings,44.3114,-96.7984,272.15,60,0,9.26,US,1702353349
309,kavaratti,10.5669,72.642,301.79,66,85,1.26,IN,1702353349
310,garoowe,8.4054,48.4845,294.51,71,83,3.42,SO,1702353350
311,rovaniemi,66.5,25.7167,259.82,85,100,2.57,FI,1702353169
312,ponta delgada,37.7333,-25.6667,286.55,82,20,4.12,PT,1702353350
313,walvis bay,-22.9575,14.5053,289.87,82,45,3.6,NA,1702353351
314,tindouf,27.6711,-8.1474,285.4,32,97,2.06,DZ,1702353351
315,isla mujeres,21.2311,-86.731,297.13,72,100,8.56,MX,1702353352
316,tara,56.8944,74.371,241.08,97,21,1.99,RU,1702353352
317,gobabis,-22.45,18.9667,292.53,16,4,3.71,NA,1702353352
318,nemuro,43.3236,145.575,274.85,100,100,3.59,JP,1702353353
319,sovetskaya gavan',48.9723,140.2878,259.39,57,8,5.09,RU,1702353277
320,sandakan,5.8402,118.1179,302.97,79,40,4.12,MY,1702353353
321,fort st. john,56.2499,-120.8529,267.09,79,40,4.12,CA,1702353354
322,ermoupolis,37.4423,24.9425,286.54,76,78,3.09,GR,1702353354
323,kapuskasing,49.4169,-82.4331,265.2,93,100,6.17,CA,1702353355
324,luderitz,-26.6481,15.1594,290.05,55,1,8.38,NA,1702353355
325,abbeville,50.1,1.8333,283.42,94,98,3.82,FR,1702353356
326,weno,7.4515,151.8468,299.12,94,100,4.12,FM,1702353356
327,izmail,45.3493,28.8408,274.4,89,74,3.05,UA,1702353357
328,toliara,-23.35,43.6667,300.54,58,50,2.47,MG,1702353357
329,kuta,-8.7233,115.1723,304.12,66,20,5.36,ID,1702353357
330,prince george,53.9166,-122.753,270.84,95,100,1.03,CA,1702353358
331,lensk,60.7253,114.9278,244.96,96,96,2.23,RU,1702353358
332,magadan,59.5667,150.8,264.62,94,100,4.04,RU,1702353152
333,tamanrasset,22.785,5.5228,286.1,12,0,7.2,DZ,1702353359
334,vadso,70.0744,29.7487,263.24,79,40,6.17,NO,1702353359
335,terrace,54.5163,-128.6035,272.71,100,75,0.0,CA,1702353360
336,lakhdenpokh'ya,61.5198,30.1992,264.68,96,100,3.89,RU,1702353360
337,woolgoolga,-30.1106,153.2007,302.06,60,19,4.67,AU,1702353361
338,chimore,-16.9833,-65.1333,296.86,90,100,1.04,BO,1702353361
339,general roca,-39.0333,-67.5833,296.27,27,64,5.49,AR,1702353362
340,kourou,5.1552,-52.6478,298.18,90,30,2.65,GF,1702353362
341,nahiyat al fuhud,30.9697,46.7228,293.26,32,100,3.19,IQ,1702353363
342,rikaze,29.25,88.8833,272.92,27,2,0.48,CN,1702353364
343,babayevo,59.3936,35.9371,266.42,94,100,4.44,RU,1702353364
344,hepingjie,42.0597,126.9158,266.55,67,20,0.75,CN,1702353365
345,acapulco de juarez,16.8634,-99.8901,299.48,68,100,1.5,MX,1702353111
346,srandakan,-7.9386,110.2506,303.92,54,94,3.6,ID,1702353366
347,jabat,7.75,168.9751,300.98,76,74,9.07,MH,1702353367
348,gunnedah,-30.9833,150.25,308.9,21,0,1.72,AU,1702353367
349,vylkove,45.4021,29.586,275.83,90,75,3.23,UA,1702353368
350,aasiaat,68.7098,-52.8699,270.42,91,100,1.92,GL,1702353368
351,yucheng,34.9289,116.4653,273.38,92,7,1.51,CN,1702353369
352,dudinka,69.4058,86.1778,251.6,97,100,5.66,RU,1702353369
353,bartica,6.4,-58.6167,298.33,98,89,1.0,GY,1702353370
354,tanumah,27.1,44.1333,289.54,29,100,4.58,SA,1702353371
355,onsong,42.9572,129.9933,267.47,27,2,3.5,KP,1702353371
356,maksatikha,57.797,35.8825,267.23,92,100,4.57,RU,1702353371
357,port isabel,26.0734,-97.2086,289.83,71,0,2.06,US,1702353302
358,i-n-salah,27.1935,2.4607,286.81,38,49,5.06,DZ,1702353372
359,ravar,31.2656,56.8055,284.29,25,58,0.65,IR,1702353374
360,tual,-5.6667,132.75,302.01,73,86,6.89,ID,1702353375
361,ternate,0.8,127.4,302.06,74,77,4.78,ID,1702353376
362,newman,37.3138,-121.0208,282.75,70,8,0.89,US,1702353376
363,constitucion,-35.3333,-72.4167,285.47,83,97,4.6,CL,1702353377
364,mu'minobod,38.1085,70.0285,276.5,99,100,3.44,TJ,1702353378
365,balassagyarmat,48.073,19.2961,274.45,100,99,1.44,HU,1702353378
366,mata-utu,-13.2816,-176.1745,300.6,74,100,5.43,WF,1702353379
367,tomakomai,42.6369,141.6033,274.02,86,75,6.17,JP,1702353379
368,chul'man,56.8479,124.9104,240.39,97,100,2.0,RU,1702353380
369,ceerigaabo,10.6162,47.368,286.72,79,87,1.35,SO,1702353381
370,ulaangom,49.9811,92.0667,249.97,90,100,0.15,MN,1702353381
371,lerwick,60.1545,-1.1494,277.15,70,95,3.08,GB,1702353382
372,saint-philippe,-21.3585,55.7679,299.92,74,66,3.84,RE,1702353382
373,urangan,-25.3,152.9,299.38,60,7,6.68,AU,1702353382
374,island harbour,50.724,-1.2758,285.89,94,98,3.13,GB,1702353383
375,trevelin,-43.0858,-71.4639,282.86,89,96,2.0,AR,1702353384
376,sisimiut,66.9395,-53.6735,271.4,98,100,4.71,GL,1702353384
377,new norfolk,-42.7826,147.0587,297.43,24,84,2.21,AU,1702353385
378,sabang,5.8933,95.3214,300.26,77,93,1.31,ID,1702353385
379,mogocha,53.7333,119.7667,247.3,74,6,0.84,RU,1702353386
380,wagar,16.1525,36.2032,296.82,63,4,3.52,SD,1702353386
381,mooirivier,-29.2082,29.9946,284.81,86,45,1.19,ZA,1702353387
382,arys,42.4252,68.795,258.84,67,0,4.41,KZ,1702353387
383,queenstown,-31.8976,26.8753,289.6,70,0,1.29,ZA,1702353389
384,shanwei,22.782,115.3475,299.68,64,2,4.47,CN,1702353389
385,chernyshevsk,52.5243,117.0174,244.05,90,10,1.06,RU,1702353390
386,pisco,-13.7,-76.2167,293.18,83,0,5.14,PE,1702353390
387,mananjary,-21.2167,48.3333,299.32,81,28,1.53,MG,1702353391
388,paita,-5.0892,-81.1144,294.43,79,16,5.66,PE,1702353391
389,saint-joseph,-21.3667,55.6167,299.52,72,54,3.98,RE,1702353392
390,grants,35.1473,-107.8514,273.28,43,0,1.54,US,1702353392
391,zeya,53.75,127.2667,248.42,69,2,1.24,RU,1702353393
392,ugoofaaru,5.6667,73.0,299.64,77,92,5.43,MV,1702353393
393,lompoc,34.6391,-120.4579,285.55,94,0,2.06,US,1702353208
394,castillos,-34.1667,-53.8333,291.05,94,99,3.84,UY,1702353394
395,fortaleza,-3.7227,-38.5247,301.05,78,75,4.12,BR,1702353395
396,prado,-17.3411,-39.2208,298.3,86,100,5.9,BR,1702353395
397,forio,40.7342,13.8646,289.16,92,66,0.45,IT,1702353396
398,kerikeri,-35.2268,173.9474,293.66,61,1,1.79,NZ,1702353396
399,monte caseros,-30.2536,-57.6363,293.08,89,0,3.93,AR,1702353397
400,lumberton,34.6182,-79.0086,275.2,100,0,0.0,US,1702353397
401,magadi,12.9667,77.2333,296.24,69,86,4.13,IN,1702353398
402,tobol'sk,58.2,68.2667,244.04,97,21,2.68,RU,1702353398
403,kenai,60.5544,-151.2583,271.01,100,75,2.06,US,1702353399
404,kenora,49.8167,-94.4337,266.69,86,100,7.2,CA,1702353400
405,mary,37.0,62.5,274.87,62,100,3.15,TM,1702353400
406,marsh harbour,26.5412,-77.0636,295.8,76,100,7.98,BS,1702353401
407,hovd,48.0056,91.6419,256.8,81,100,0.77,MN,1702353401
408,anacapri,40.5558,14.2136,287.88,88,0,0.0,IT,1702353401
409,ghat,24.9647,10.1728,283.63,40,0,1.4,LY,1702353402
410,mombetsu,44.3525,143.3525,271.16,86,75,2.06,JP,1702353403
411,bar-sur-aube,48.25,4.5833,283.34,97,100,3.4,FR,1702353403
412,benicarlo,40.4165,0.4271,290.13,62,100,0.8,ES,1702353404
413,constantia,44.1833,28.65,273.54,80,84,3.51,RO,1702353404
414,gisborne,-38.6533,178.0042,292.51,54,75,5.81,NZ,1702353405
415,rancho palos verdes,33.7445,-118.387,290.53,56,47,2.36,US,1702353327
416,slave lake,55.2834,-114.769,261.14,79,0,2.57,CA,1702353157
417,taoudenni,22.6783,-3.9836,290.99,30,19,4.85,ML,1702353406
418,andergrove,-21.0833,149.1833,299.62,87,88,9.7,AU,1702353406
419,shilovo,54.3204,40.874,265.72,93,100,8.75,RU,1702353406
420,kingston,17.997,-76.7936,300.68,74,20,3.09,JM,1702353203
421,mana,5.6592,-53.7767,298.5,92,27,2.96,GF,1702353407
422,necochea,-38.5473,-58.7368,291.17,81,35,7.98,AR,1702353408
423,gremyachinsk,58.5603,57.851,239.0,99,90,1.73,RU,1702353408
424,tromso,69.6496,18.957,267.16,93,100,1.03,NO,1702353408
425,bovalino,38.149,16.174,290.01,71,27,3.11,IT,1702353409
426,robore,-18.3333,-59.75,297.78,81,36,1.47,BO,1702353409
427,andreapol',56.6513,32.2664,269.81,95,100,4.43,RU,1702353410
428,novoorsk,51.381,58.9813,240.51,85,7,4.85,RU,1702353410
429,camana,-16.6228,-72.7111,293.36,85,71,2.59,PE,1702353410
430,itoman,26.1247,127.6694,295.58,92,75,8.23,JP,1702353411
431,vilhena,-12.7406,-60.1458,295.14,87,87,1.17,BR,1702353411
432,darnah,32.767,22.6367,290.0,73,13,6.34,LY,1702353412
433,peace river,56.2501,-117.286,262.32,85,0,2.57,CA,1702353412
434,nyurba,63.2842,118.3319,242.92,99,99,2.17,RU,1702353412
435,keetmanshoop,-26.5833,18.1333,291.66,34,0,3.09,NA,1702353413
436,ts'khinvali,42.2276,43.9686,276.93,97,100,2.98,GE,1702353413
437,skeldon,5.8833,-57.1333,297.29,94,100,2.07,GY,1702353414
438,basco,20.4487,121.9702,299.49,75,59,5.56,PH,1702353414
439,banikoara,11.2985,2.4386,293.08,23,9,3.87,BJ,1702353415
440,vila franca do campo,37.7167,-25.4333,286.38,81,56,2.73,PT,1702353415
441,zharkent,44.1628,80.0,267.43,87,100,6.88,KZ,1702353416
442,la carolina,38.2756,-3.6153,283.95,65,100,0.18,ES,1702353416
443,ar ruways,24.1103,52.7306,294.41,67,44,2.46,AE,1702353416
444,la ligua,-32.4524,-71.2311,288.6,80,1,0.99,CL,1702353417
445,sinop,41.7711,34.8709,279.86,87,99,0.38,TR,1702353417
446,zhangjiakou,40.81,114.8794,268.86,83,73,1.94,CN,1702353418
447,sarangani,5.4033,125.4636,301.16,77,82,7.97,PH,1702353418
448,luziania,-16.2525,-47.9503,295.98,85,85,0.94,BR,1702353418
449,rudnya,54.947,31.0934,273.1,98,100,5.92,RU,1702353419
450,franceville,-1.6333,13.5836,295.07,98,100,0.82,GA,1702353419
451,ridder,50.355,83.5133,255.8,90,100,1.31,KZ,1702353420
452,mammoth lakes,37.6485,-118.9721,275.55,33,0,3.6,US,1702353126
453,bandundu,-3.3167,17.3667,294.74,98,100,1.16,CD,1702353420
454,maxixe,-23.8597,35.3472,301.05,88,75,2.68,MZ,1702353421
455,paphos,34.7667,32.4167,285.03,76,20,3.6,CY,1702353148
456,turtas,58.9417,69.1325,243.55,95,26,1.95,RU,1702353422
457,camarinas,43.1311,-9.1817,288.81,91,100,7.71,ES,1702353422
458,ketchikan,55.3422,-131.6461,278.14,87,75,6.17,US,1702353234
459,uniao dos palmares,-9.1628,-36.0319,295.92,96,3,1.43,BR,1702353423
460,ust'-kut,56.7938,105.7672,244.35,94,92,0.34,RU,1702353424
461,zaozersk,69.4005,32.4476,255.41,98,34,3.92,RU,1702353424
462,kiama,-34.6833,150.8667,301.14,72,77,3.96,AU,1702353425
463,puerto san jose,13.9256,-90.8244,299.15,59,0,3.25,GT,1702353425
464,essaouira,31.5125,-9.77,288.87,47,96,2.57,MA,1702353428
465,nova vicosa,-17.8919,-39.3719,298.37,85,99,6.47,BR,1702353300
466,figuig (centre),32.1089,-1.2286,285.1,47,75,1.29,MA,1702353429
467,antofagasta,-23.65,-70.4,291.75,78,67,2.78,CL,1702353258
468,badger,64.8,-147.5333,266.29,82,100,3.09,US,1702353430
469,nar'yan-mar,67.6713,53.087,258.81,92,100,7.02,RU,1702353431
470,malango,-2.9627,119.9001,300.63,70,93,0.88,ID,1702353431
471,bhuban,20.8833,85.8333,296.03,40,1,0.61,IN,1702353432
472,inarajan village,13.2736,144.7484,304.69,85,19,6.41,GU,1702353432
473,poso,-1.3959,120.7524,303.82,64,33,2.4,ID,1702353433
474,kayyerkan,69.3786,87.7439,250.2,98,100,3.47,RU,1702353433
475,dongcun,36.7767,121.1597,273.9,80,38,5.08,CN,1702353434
476,yangjiang,21.85,111.9667,301.33,59,9,3.26,CN,1702353434
477,gizo,-8.103,156.8419,301.43,74,94,4.45,SB,1702353435
478,sisli,41.0605,28.9872,280.99,93,75,0.0,TR,1702353435
479,solnechnyy,50.7214,136.6319,248.17,83,35,2.39,RU,1702353436
480,holualoa,19.6228,-155.9522,298.06,88,75,3.09,US,1702353436
481,rensselaer,42.7168,-73.4829,272.58,79,75,4.24,US,1702353437
482,campo mourao,-24.0456,-52.3831,292.84,84,12,2.36,BR,1702353438
483,mar del plata,-38.0023,-57.5575,293.16,87,0,11.62,AR,1702353348
484,brigantine,39.4101,-74.3646,276.48,68,0,3.6,US,1702353423
485,ingleside,27.8778,-97.2117,291.47,69,40,4.63,US,1702353440
486,karratha,-20.7377,116.8463,306.35,23,0,6.19,AU,1702353440
487,terme,41.2092,36.9739,284.64,93,100,2.06,TR,1702353441
488,whistler,50.1164,-122.9695,272.35,95,100,1.38,CA,1702353233
489,kidal,18.4411,1.4078,290.0,37,0,8.13,ML,1702353442
490,tingo maria,-9.2895,-76.0088,294.63,97,61,0.92,PE,1702353443
491,saint-pierre,-21.3393,55.4781,300.13,65,0,7.2,RE,1702353443
492,bardai,11.65,7.2333,285.59,41,0,4.65,NG,1702353444
493,guiberoua,6.2392,-6.1727,295.42,99,27,0.89,CI,1702353445
494,pankrushikha,53.8319,80.3406,245.41,90,9,5.57,RU,1702353445
495,bealanana,-14.55,48.7333,292.4,86,93,1.46,MG,1702353446
496,inari,68.906,27.0288,258.26,99,31,2.11,FI,1702353447
497,muroto-misakicho,33.2833,134.15,292.47,83,28,0.68,JP,1702353447
498,knyaze-volkonskoye,48.4642,135.4567,252.75,85,10,5.81,RU,1702353447
499,pirallahi,40.4723,50.333,281.23,81,100,10.76,AZ,1702353448
500,laguna,38.421,-121.4238,282.54,75,0,0.0,US,1702353166
501,novyy urgal,51.0736,132.5642,246.92,81,60,0.4,RU,1702353449
502,howard springs,-12.497,131.047,309.25,66,70,3.21,AU,1702353449
503,at taraf,25.3628,49.725,285.45,53,27,1.83,SA,1702353450
504,trincomalee,8.5711,81.2335,300.53,77,100,6.61,LK,1702353450
505,big bend,-26.8167,31.9333,293.79,94,93,1.1,SZ,1702353451
506,elele,5.1009,6.8141,294.16,94,20,0.0,NG,1702353451
507,kratie,12.4881,106.0188,304.5,44,100,4.35,KH,1702353452
508,colonia,50.9333,6.95,281.64,77,75,3.09,DE,1702353452
509,fomboni,-12.28,43.7425,301.16,75,34,4.46,KM,1702353453
510,monrovia,6.3005,-10.7969,298.02,78,5,0.39,LR,1702353453
511,barra de santo antonio,-9.4047,-35.5072,296.75,80,4,3.51,BR,1702353454
512,jiutai,44.1525,125.8328,257.34,50,4,2.48,CN,1702353454
513,soller,39.7662,2.7152,287.79,81,40,0.89,ES,1702353455
514,sehwan,26.4279,67.863,295.19,18,70,1.36,PK,1702353455
515,horta,38.5333,-28.6333,286.49,78,4,2.68,PT,1702353456
516,baoro,5.6667,15.9667,294.11,30,100,3.01,CF,1702353456
517,tutoia,-2.7619,-42.2744,299.93,81,58,5.92,BR,1702353456
518,aswan,24.0934,32.907,288.76,33,0,2.57,EG,1702353457
519,pagar alam,-4.0167,103.2667,301.72,61,67,0.97,ID,1702353457
520,ko pha ngan,9.7578,100.0291,300.53,76,100,5.08,TH,1702353458
521,guelmim,28.987,-10.0574,290.74,31,95,3.93,MA,1702353458
522,pickering,43.9001,-79.1329,274.56,72,100,2.06,CA,1702353328
523,pimenta bueno,-11.6725,-61.1936,296.57,96,100,0.78,BR,1702353459
524,port macquarie,-31.4333,152.9167,300.87,59,0,4.59,AU,1702353306
525,zhanibek,49.4167,46.85,263.15,46,100,10.35,KZ,1702353460
526,la passe,45.5549,-0.8967,286.28,91,100,3.4,FR,1702353460
527,borogontsy,62.6683,131.1683,241.04,97,100,1.53,RU,1702353461
528,yeppoon,-23.1333,150.7333,302.03,69,69,8.77,AU,1702353461
529,ha'il,27.5219,41.6907,285.16,30,0,3.09,SA,1702353462
530,yeniseysk,58.4497,92.1703,239.79,97,78,0.89,RU,1702353463
531,al khawr,25.7667,51.3167,293.86,66,50,2.46,QA,1702353463
532,palmer,42.1584,-72.3287,275.45,59,20,8.23,US,1702353463
533,mahibadhoo,3.7833,72.9667,301.44,74,96,2.61,MV,1702353464
534,dera bugti,29.0307,69.151,291.97,14,19,2.02,PK,1702353464
535,as saffaniyah,27.9708,48.73,293.94,43,96,1.62,SA,1702353464
536,amble,55.3333,-1.5833,279.99,100,75,6.17,GB,1702353465
537,basse-terre,16.1667,-61.6667,297.92,83,20,2.06,GP,1702353465
538,gallup,35.5281,-108.7426,273.57,69,0,0.0,US,1702353466
539,tralee,52.2704,-9.7026,280.05,94,100,1.78,IE,1702353466
540,labytnangi,66.6572,66.4183,249.3,96,100,3.91,RU,1702353466
541,mormugao,15.4,73.8,301.74,51,40,3.6,IN,1702353467
542,berezovyy,51.6667,135.7,253.99,51,0,1.99,RU,1702353467
543,akureyri,65.6835,-18.0878,262.11,92,20,1.03,IS,1702353468
544,belyy yar,53.6039,91.3903,241.09,75,40,0.0,RU,1702353468
545,ajdabiya,30.7554,20.2263,288.83,76,4,4.2,LY,1702353468
546,roslavl',53.9528,32.8639,273.12,98,100,4.98,RU,1702353469
547,amga,60.8953,131.9608,245.69,93,100,3.18,RU,1702353469
548,orapa,-21.2833,25.3667,296.49,65,61,2.65,BW,1702353470
549,vershino-darasunskiy,52.35,115.5167,247.85,78,18,0.67,RU,1702353470
550,turgen,43.4006,77.5933,260.22,96,100,3.92,KZ,1702353470
551,serpa,37.9458,-7.5975,286.13,89,100,2.63,PT,1702353471
552,hasaki,35.7333,140.8333,288.31,90,100,7.14,JP,1702353471
553,brandon,27.9378,-82.2859,286.97,81,0,4.02,US,1702353472
554,beneditinos,-5.45,-42.3667,301.04,55,95,1.45,BR,1702353472
555,thanh hoa,19.8,105.7667,299.12,75,55,2.6,VN,1702353472
556,balikpapan,-1.2675,116.8289,302.7,79,40,2.57,ID,1702353473
557,apatity,67.5641,33.4031,251.85,100,85,0.43,RU,1702353473
558,kiffa,16.6166,-11.4045,292.7,17,66,3.39,MR,1702353473
559,denison,33.7557,-96.5367,283.25,54,0,3.6,US,1702353474
560,si sa ket,14.8333,104.3333,304.18,48,100,2.2,TH,1702353474
561,lusambo,-4.9667,23.45,294.18,99,100,0.52,CD,1702353475
562,zemio,5.0314,25.1361,297.57,65,100,1.4,CF,1702353475
563,naze,28.3667,129.4833,293.66,80,96,7.81,JP,1702353475
564,saudarkrokur,65.7461,-19.6394,267.36,93,96,2.95,IS,1702353476
565,borkum,53.5809,6.6915,280.34,89,95,2.18,DE,1702353476
566,san pedro,14.35,121.0167,305.57,64,20,3.09,PH,1702353476
567,mo i rana,66.3128,14.1428,257.41,85,100,2.57,NO,1702353477
568,baskil,38.5679,38.8238,279.62,91,98,2.39,TR,1702353477
569,savanna-la-mar,18.219,-78.1332,300.12,89,97,2.24,JM,1702353478
570,novobureyskiy,49.798,129.8774,247.11,81,12,2.14,RU,1702353478
571,kindu,-2.95,25.95,293.62,99,100,1.14,CD,1702353479
572,chui,-33.6971,-53.4616,291.52,93,75,4.48,UY,1702353479
573,hasanpur,28.7167,78.2833,289.79,28,0,1.75,IN,1702353480
574,barakani,-12.1356,44.4317,300.69,76,64,1.98,KM,1702353480
575,tongouson,5.0214,120.1328,301.59,72,77,1.66,PH,1702353480
576,vayalar,9.7,76.3333,302.6,79,76,1.7,IN,1702353481
